{
  "uid" : "b1a8273437954620fa374b796ffaacdd",
  "name" : "behaviors",
  "children" : [ {
    "name" : "获取角色列表",
    "uid" : "103dcdb98760f92d",
    "parentUid" : "b1a8273437954620fa374b796ffaacdd",
    "status" : "passed",
    "time" : {
      "start" : 1755248390102,
      "stop" : 1755248390365,
      "duration" : 263
    },
    "flaky" : false,
    "newFailed" : false,
    "parameters" : [ "[1, 'https://workordertest.365lawhelp.com/api/MemberAdminService/Role/GetRoleList', None, 'get', None, None, '获取角色列表', '获取角色列表', None]" ]
  } ]
}