{
  "uid" : "83edc06c07f9ae9e47eb6dd1b683e4e2",
  "name" : "packages",
  "children" : [ {
    "name" : "pyexcel_test",
    "children" : [ {
      "name" : "获取角色列表",
      "uid" : "103dcdb98760f92d",
      "parentUid" : "44f7e6a02cefe829848e2246a88e1179",
      "status" : "passed",
      "time" : {
        "start" : 1755248390102,
        "stop" : 1755248390365,
        "duration" : 263
      },
      "flaky" : false,
      "newFailed" : false,
      "parameters" : [ "[1, 'https://workordertest.365lawhelp.com/api/MemberAdminService/Role/GetRoleList', None, 'get', None, None, '获取角色列表', '获取角色列表', None]" ]
    } ],
    "uid" : "44f7e6a02cefe829848e2246a88e1179"
  } ]
}