{
  "uid" : "98d3104e051c652961429bf95fa0b5d6",
  "name" : "suites",
  "children" : [ {
    "name" : "pyexcel_test",
    "children" : [ {
      "name" : "TestCase",
      "children" : [ {
        "name" : "获取角色列表",
        "uid" : "103dcdb98760f92d",
        "parentUid" : "ecab5714e34d5a303f1e008b5e6b1399",
        "status" : "passed",
        "time" : {
          "start" : 1755248390102,
          "stop" : 1755248390365,
          "duration" : 263
        },
        "flaky" : false,
        "newFailed" : false,
        "parameters" : [ "[1, 'https://workordertest.365lawhelp.com/api/MemberAdminService/Role/GetRoleList', None, 'get', None, None, '获取角色列表', '获取角色列表', None]" ]
      } ],
      "uid" : "ecab5714e34d5a303f1e008b5e6b1399"
    } ],
    "uid" : "f1ed1a90efd3067f338ea79f9428ce11"
  } ]
}